{"cameraMode":{"drawMode":0,"name":"Shaded","section":"Shading Mode"},"sceneLighting":true,"audioPlay":false,"sceneViewState":{"m_AlwaysRefresh":false,"showFog":true,"showSkybox":true,"showFlares":true,"showImageEffects":true,"showParticleSystems":true,"showVisualEffectGraphs":true,"m_FxEnabled":true},"in2DMode":false,"pivot":{"x":1.299683690071106,"y":0.32153239846229555,"z":0.3276469111442566},"rotation":{"x":0.1519973874092102,"y":0.3583952486515045,"z":-0.059165310114622119,"w":0.9194020628929138},"size":2.7436816692352297,"orthographic":false}